"Owner ID","Openness","Conscientiousness","Extraversion","Agreeableness","Neuroticism"
"14113.json","0.97258765","0.49931544","0.16548166","0.0051705185","0.9066949"
"189134.json","0.9986452","0.59783226","0.38163424","0.0071578394","0.94714445"
"541136.json","0.9956689","0.45539415","0.13830827","5.513114E-4","0.9068859"
"62130.json","0.9928834","0.7091575","0.08356545","0.0022614375","0.9660846"
"87234.json","0.9922856","0.6770449","0.033571824","0.0027305481","0.89898694"
"8985.json","0.98931265","0.30103484","0.19738454","5.4631784E-4","0.95324457"
"89904.json","0.9660806","0.34171543","0.01497896","0.002131054","0.74615395"
"922184.json","0.9813351","0.3738877","0.119836345","6.2507075E-5","0.8333442"
"95592.json","0.9933655","0.5095865","0.12428996","4.057918E-4","0.96916986"
